0,1,2,3,4,5,6,7,8,9,10,11,12,13,14,15
3375914,3389306,3357721,3362960,3342531,3321548,3294495,3272653,3253405,3224471,3203769,3194202,3179927,3185794,3178741,3185040
3375914,3389306,3357721,3362960,3342531,3321548,3294495,3272653,3253405,3224471,3203769,3194202,3179927,3185794,3178741,3185040
3375914,3389306,3357721,3362960,3342531,3321548,3294495,3272653,3253405,3224471,3203769,3194202,3179927,3185794,3178741,3185040
3375914,3389306,3357721,3362960,3342531,3321548,3294495,3272653,3253405,3224471,3203769,3194202,3179927,3185794,3178741,3185040
3375914,3389306,3357721,3362960,3342531,3321548,3294495,3272653,3253405,3224471,3203769,3194202,3179927,3185794,3178741,3185040
3375914,3389306,3357721,3362960,3342531,3321548,3294495,3272653,3253405,3224471,3203769,3194202,3179927,3185794,3178741,3185040
3375914,3389306,3357721,3362960,3342531,3321548,3294495,3272653,3253405,3224471,3203769,3194202,3179927,3185794,3178741,3185040
3375914,3389306,3357721,3362960,3342531,3321548,3294495,3272653,3253405,3224471,3203769,3194202,3179927,3185794,3178741,3185040
3375914,3389306,3357721,3362960,3342531,3321548,3294495,3272653,3253405,3224471,3203769,3194202,3179927,3185794,3178741,3185040
3375914,3389306,3357721,3362960,3342531,3321548,3294495,3272653,3253405,3224471,3203769,3194202,3179927,3185794,3178741,3185040
3375914,3389306,3357721,3362960,3342531,3321548,3294495,3272653,3253405,3224471,3203769,3194202,3179927,3185794,3178741,3185040
3375914,3389306,3357721,3362960,3342531,3321548,3294495,3272653,3253405,3224471,3203769,3194202,3179927,3185794,3178741,3185040
3375914,3389306,3357721,3362960,3342531,3321548,3294495,3272653,3253405,3224471,3203769,3194202,3179927,3185794,3178741,3185040
3375914,3389306,3357721,3362960,3342531,3321548,3294495,3272653,3253405,3224471,3203769,3194202,3179927,3185794,3178741,3185040
3375914,3389306,3357721,3362960,3342531,3321548,3294495,3272653,3253405,3224471,3203769,3194202,3179927,3185794,3178741,3185040
3375914,3389306,3357721,3362960,3342531,3321548,3294495,3272653,3253405,3224471,3203769,3194202,3179927,3185794,3178741,3185040
3375914,3389306,3357721,3362960,3342531,3321548,3294495,3272653,3253405,3224471,3203769,3194202,3179927,3185794,3178741,3185040
3375914,3389306,3357721,3362960,3342531,3321548,3294495,3272653,3253405,3224471,3203769,3194202,3179927,3185794,3178741,3185040
3375914,3389306,3357721,3362960,3342531,3321548,3294495,3272653,3253405,3224471,3203769,3194202,3179927,3185794,3178741,3185040
3375914,3389306,3357721,3362960,3342531,3321548,3294495,3272653,3253405,3224471,3203769,3194202,3179927,3185794,3178741,3185040
3375914,3389306,3357721,3362960,3342531,3321548,3294495,3272653,3253405,3224471,3203769,3194202,3179927,3185794,3178741,3185040
3375914,3389306,3357721,3362960,3342531,3321548,3294495,3272653,3253405,3224471,3203769,3194202,3179927,3185794,3178741,3185040
3375914,3389306,3357721,3362960,3342531,3321548,3294495,3272653,3253405,3224471,3203769,3194202,3179927,3185794,3178741,3185040
3375914,3389306,3357721,3362960,3342531,3321548,3294495,3272653,3253405,3224471,3203769,3194202,3179927,3185794,3178741,3185040
3375914,3389306,3357721,3362960,3342531,3321548,3294495,3272653,3253405,3224471,3203769,3194202,3179927,3185794,3178741,3185040
3375914,3389306,3357721,3362960,3342531,3321548,3294495,3272653,3253405,3224471,3203769,3194202,3179927,3185794,3178741,3185040
3375914,3389306,3357721,3362960,3342531,3321548,3294495,3272653,3253405,3224471,3203769,3194202,3179927,3185794,3178741,3185040
3375914,3389306,3357721,3362960,3342531,3321548,3294495,3272653,3253405,3224471,3203769,3194202,3179927,3185794,3178741,3185040
3375914,3389306,3357721,3362960,3342531,3321548,3294495,3272653,3253405,3224471,3203769,3194202,3179927,3185794,3178741,3185040
3375914,3389306,3357721,3362960,3342531,3321548,3294495,3272653,3253405,3224471,3203769,3194202,3179927,3185794,3178741,3185040
3375914,3389306,3357721,3362960,3342531,3321548,3294495,3272653,3253405,3224471,3203769,3194202,3179927,3185794,3178741,3185040
3375914,3389306,3357721,3362960,3342531,3321548,3294495,3272653,3253405,3224471,3203769,3194202,3179927,3185794,3178741,3185040
3375914,3389306,3357721,3362960,3342531,3321548,3294495,3272653,3253405,3224471,3203769,3194202,3179927,3185794,3178741,3185040
3375914,3389306,3357721,3362960,3342531,3321548,3294495,3272653,3253405,3224471,3203769,3194202,3179927,3185794,3178741,3185040
3375914,3389306,3357721,3362960,3342531,3321548,3294495,3272653,3253405,3224471,3203769,3194202,3179927,3185794,3178741,3185040
3375914,3389306,3357721,3362960,3342531,3321548,3294495,3272653,3253405,3224471,3203769,3194202,3179927,3185794,3178741,3185040
3375914,3389306,3357721,3362960,3342531,3321548,3294495,3272653,3253405,3224471,3203769,3194202,3179927,3185794,3178741,3185040
3375914,3389306,3357721,3362960,3342531,3321548,3294495,3272653,3253405,3224471,3203769,3194202,3179927,3185794,3178741,3185040
3375914,3389306,3357721,3362960,3342531,3321548,3294495,3272653,3253405,3224471,3203769,3194202,3179927,3185794,3178741,3185040
3375914,3389306,3357721,3362960,3342531,3321548,3294495,3272653,3253405,3224471,3203769,3194202,3179927,3185794,3178741,3185040
