0,1,2,3,4,5,6,7,8,9,10,11,12,13,14,15,16,17,18,19
56036,70153,65982,58191,55068,52914,51908,51153,50956,50120,50923,52541,53392,54660,56181,58694,61366,63134,63550,63336
56036,70153,65982,58191,55068,52914,51908,51153,50956,50120,50923,52541,53392,54660,56181,58694,61366,63134,63550,63336
56036,70153,65982,58191,55068,52914,51908,51153,50956,50120,50923,52541,53392,54660,56181,58694,61366,63134,63550,63336
56036,70153,65982,58191,55068,52914,51908,51153,50956,50120,50923,52541,53392,54660,56181,58694,61366,63134,63550,63336
56036,70153,65982,58191,55068,52914,51908,51153,50956,50120,50923,52541,53392,54660,56181,58694,61366,63134,63550,63336
56036,70153,65982,58191,55068,52914,51908,51153,50956,50120,50923,52541,53392,54660,56181,58694,61366,63134,63550,63336
56036,70153,65982,58191,55068,52914,51908,51153,50956,50120,50923,52541,53392,54660,56181,58694,61366,63134,63550,63336
56036,70153,65982,58191,55068,52914,51908,51153,50956,50120,50923,52541,53392,54660,56181,58694,61366,63134,63550,63336
56036,70153,65982,58191,55068,52914,51908,51153,50956,50120,50923,52541,53392,54660,56181,58694,61366,63134,63550,63336
56036,70153,65982,58191,55068,52914,51908,51153,50956,50120,50923,52541,53392,54660,56181,58694,61366,63134,63550,63336
56036,70153,65982,58191,55068,52914,51908,51153,50956,50120,50923,52541,53392,54660,56181,58694,61366,63134,63550,63336
56036,70153,65982,58191,55068,52914,51908,51153,50956,50120,50923,52541,53392,54660,56181,58694,61366,63134,63550,63336
56036,70153,65982,58191,55068,52914,51908,51153,50956,50120,50923,52541,53392,54660,56181,58694,61366,63134,63550,63336
56036,70153,65982,58191,55068,52914,51908,51153,50956,50120,50923,52541,53392,54660,56181,58694,61366,63134,63550,63336
56036,70153,65982,58191,55068,52914,51908,51153,50956,50120,50923,52541,53392,54660,56181,58694,61366,63134,63550,63336
56036,70153,65982,58191,55068,52914,51908,51153,50956,50120,50923,52541,53392,54660,56181,58694,61366,63134,63550,63336
56036,70153,65982,58191,55068,52914,51908,51153,50956,50120,50923,52541,53392,54660,56181,58694,61366,63134,63550,63336
56036,70153,65982,58191,55068,52914,51908,51153,50956,50120,50923,52541,53392,54660,56181,58694,61366,63134,63550,63336
56036,70153,65982,58191,55068,52914,51908,51153,50956,50120,50923,52541,53392,54660,56181,58694,61366,63134,63550,63336
56036,70153,65982,58191,55068,52914,51908,51153,50956,50120,50923,52541,53392,54660,56181,58694,61366,63134,63550,63336
56036,70153,65982,58191,55068,52914,51908,51153,50956,50120,50923,52541,53392,54660,56181,58694,61366,63134,63550,63336
56036,70153,65982,58191,55068,52914,51908,51153,50956,50120,50923,52541,53392,54660,56181,58694,61366,63134,63550,63336
56036,70153,65982,58191,55068,52914,51908,51153,50956,50120,50923,52541,53392,54660,56181,58694,61366,63134,63550,63336
56036,70153,65982,58191,55068,52914,51908,51153,50956,50120,50923,52541,53392,54660,56181,58694,61366,63134,63550,63336
56036,70153,65982,58191,55068,52914,51908,51153,50956,50120,50923,52541,53392,54660,56181,58694,61366,63134,63550,63336
56036,70153,65982,58191,55068,52914,51908,51153,50956,50120,50923,52541,53392,54660,56181,58694,61366,63134,63550,63336
56036,70153,65982,58191,55068,52914,51908,51153,50956,50120,50923,52541,53392,54660,56181,58694,61366,63134,63550,63336
56036,70153,65982,58191,55068,52914,51908,51153,50956,50120,50923,52541,53392,54660,56181,58694,61366,63134,63550,63336
56036,70153,65982,58191,55068,52914,51908,51153,50956,50120,50923,52541,53392,54660,56181,58694,61366,63134,63550,63336
56036,70153,65982,58191,55068,52914,51908,51153,50956,50120,50923,52541,53392,54660,56181,58694,61366,63134,63550,63336
56036,70153,65982,58191,55068,52914,51908,51153,50956,50120,50923,52541,53392,54660,56181,58694,61366,63134,63550,63336
56036,70153,65982,58191,55068,52914,51908,51153,50956,50120,50923,52541,53392,54660,56181,58694,61366,63134,63550,63336
56036,70153,65982,58191,55068,52914,51908,51153,50956,50120,50923,52541,53392,54660,56181,58694,61366,63134,63550,63336
56036,70153,65982,58191,55068,52914,51908,51153,50956,50120,50923,52541,53392,54660,56181,58694,61366,63134,63550,63336
56036,70153,65982,58191,55068,52914,51908,51153,50956,50120,50923,52541,53392,54660,56181,58694,61366,63134,63550,63336
56036,70153,65982,58191,55068,52914,51908,51153,50956,50120,50923,52541,53392,54660,56181,58694,61366,63134,63550,63336
56036,70153,65982,58191,55068,52914,51908,51153,50956,50120,50923,52541,53392,54660,56181,58694,61366,63134,63550,63336
56036,70153,65982,58191,55068,52914,51908,51153,50956,50120,50923,52541,53392,54660,56181,58694,61366,63134,63550,63336
56036,70153,65982,58191,55068,52914,51908,51153,50956,50120,50923,52541,53392,54660,56181,58694,61366,63134,63550,63336
56036,70153,65982,58191,55068,52914,51908,51153,50956,50120,50923,52541,53392,54660,56181,58694,61366,63134,63550,63336
